<?xml version="1.0" encoding="UTF-8"?>
<rdf:RDF xmlns:rdf="http://www.w3.org/1999/02/22-rdf-syntax-ns#" xmlns:cim="http://iec.ch/TC57/2007/CIM-schema-cim12#" xmlns:dm="http://iec.ch/2002/schema/CIM_difference_model#">
	<dm:DifferenceModel rdf:about="">
		
		<dm:reverseDifferences rdf:parseType="Statements">
		</dm:reverseDifferences>
		
		<dm:forwardDifferences rdf:parseType="Statements">
			<rdf:Description rdf:about="#bogus">
				<rdf:type rdf:resource="http://iec.ch/TC57/2007/CIM-schema-cim12#BogusClass"/>
			</rdf:Description>
		</dm:forwardDifferences>
		
	</dm:DifferenceModel>
</rdf:RDF>
