<rdf:RDF
    xmlns:rdf="http://www.w3.org/1999/02/22-rdf-syntax-ns#"
    xmlns:cim="http://iec.ch/TC57/2007/CIM-schema-cim12#" > 
  <rdf:Description rdf:about="#bv1">
    <cim:BaseVoltage.nominalVoltage>22</cim:BaseVoltage.nominalVoltage>
    <cim:IdentifiedObject.name>bv1</cim:IdentifiedObject.name>
    <rdf:type rdf:resource="http://iec.ch/TC57/2007/CIM-schema-cim12#BaseVoltage"/>
  </rdf:Description>
  <rdf:Description rdf:about="#sm1">
    <cim:SynchronousMachine.type rdf:resource="http://iec.ch/TC57/2007/CIM-schema-cim12#SynchronousMachineType.generator"/>
    <cim:SynchronousMachine.operatingMode rdf:resource="http://iec.ch/TC57/2007/CIM-schema-cim12#SynchronousMachineOperatingMode.generator"/>
    <cim:ConductingEquipment.BaseVoltage rdf:resource="#bv1"/>
    <cim:IdentifiedObject.name>acls1</cim:IdentifiedObject.name>
    <rdf:type rdf:resource="http://iec.ch/TC57/2007/CIM-schema-cim12#SynchronousMachine"/>
  </rdf:Description>
</rdf:RDF>
